{"cameraMode":{"drawMode":0,"name":"Shaded","section":"Shading Mode"},"sceneLighting":false,"audioPlay":false,"sceneViewState":{"showFog":true,"showMaterialUpdate":false,"showSkybox":false,"showFlares":true,"showImageEffects":true,"showParticleSystems":true},"in2DMode":false,"pivot":{"x":-19.4539737701416,"y":3.6484110355377199,"z":24.75222396850586},"rotation":{"x":0.026686416938900949,"y":-0.641438901424408,"z":0.02234714664518833,"w":0.766444981098175},"size":1.5379314422607422,"orthographic":false}