{"cameraMode":{"drawMode":0,"name":"Shaded","section":"Shading Mode"},"sceneLighting":false,"audioPlay":false,"sceneViewState":{"showFog":true,"showMaterialUpdate":false,"showSkybox":false,"showFlares":true,"showImageEffects":true,"showParticleSystems":true},"in2DMode":false,"pivot":{"x":-0.07909199595451355,"y":1.0010539293289185,"z":-0.13589930534362794},"rotation":{"x":-0.012878174893558026,"y":-0.9764412641525269,"z":0.20690800249576569,"w":-0.06065501645207405},"size":1.4478952884674073,"orthographic":false}