{"cameraMode":{"drawMode":0,"name":"Shaded","section":"Shading Mode"},"sceneLighting":false,"audioPlay":false,"sceneViewState":{"showFog":true,"showMaterialUpdate":false,"showSkybox":false,"showFlares":true,"showImageEffects":true,"showParticleSystems":true},"in2DMode":false,"pivot":{"x":4.458980560302734,"y":0.6224797964096069,"z":0.08511233329772949},"rotation":{"x":-0.010339739732444287,"y":-0.9762325286865234,"z":0.21145646274089814,"w":-0.0474085807800293},"size":1.6022052764892579,"orthographic":false}