{"cameraMode":{"drawMode":0,"name":"Shaded","section":"Shading Mode"},"sceneLighting":true,"audioPlay":false,"sceneViewState":{"showFog":true,"showMaterialUpdate":false,"showSkybox":true,"showFlares":true,"showImageEffects":true,"showParticleSystems":true},"in2DMode":false,"pivot":{"x":-3.4263057708740236,"y":-7.679121017456055,"z":-33.52339172363281},"rotation":{"x":-0.42773306369781496,"y":0.16662268340587617,"z":-0.08070177584886551,"w":-0.8848243951797485},"size":32.70161056518555,"orthographic":false}