{"cameraMode":{"drawMode":0,"name":"Shaded","section":"Shading Mode"},"sceneLighting":true,"audioPlay":false,"sceneViewState":{"showFog":true,"showMaterialUpdate":false,"showSkybox":true,"showFlares":true,"showImageEffects":true,"showParticleSystems":true},"in2DMode":false,"pivot":{"x":38.81595993041992,"y":-40.36277389526367,"z":-23.08530044555664},"rotation":{"x":-0.13308915495872498,"y":-0.8382759690284729,"z":0.23485933244228364,"w":-0.4739176332950592},"size":40.83467102050781,"orthographic":false}