{"cameraMode":{"drawMode":0,"name":"Shaded","section":"Shading Mode"},"sceneLighting":false,"audioPlay":false,"sceneViewState":{"showFog":true,"showMaterialUpdate":false,"showSkybox":false,"showFlares":true,"showImageEffects":true,"showParticleSystems":true},"in2DMode":false,"pivot":{"x":5.043052673339844,"y":0.5526577234268189,"z":0.17385077476501466},"rotation":{"x":-0.010339739732444287,"y":-0.9762325286865234,"z":0.21145646274089814,"w":-0.0474085807800293},"size":1.4478952884674073,"orthographic":false}