{"cameraMode":{"drawMode":0,"name":"Shaded","section":"Shading Mode"},"sceneLighting":true,"audioPlay":false,"sceneViewState":{"showFog":true,"showMaterialUpdate":false,"showSkybox":true,"showFlares":true,"showImageEffects":true,"showParticleSystems":true},"in2DMode":false,"pivot":{"x":17.32691192626953,"y":-40.50249099731445,"z":-39.856956481933597},"rotation":{"x":-0.005846600979566574,"y":0.944871187210083,"z":-0.32714608311653139,"w":-0.01711728610098362},"size":57.53877639770508,"orthographic":false}